State,Math Grade,English Grade,College Readiness Grade,Parental Rights,Description 
Alabama,F,D,D,D,"Alabama’s education system shows mixed but generally below‑average performance. Math performance is weak, with 8th‑grade NAEP scores at 262 (well below the national average of ~272), placing it in the lower third of states. English/language arts is a critical area of concern, with 4th‑grade reading at 213, among the lowest nationally. College readiness is also below par, reflected in an average SAT of 1172 and an ACT of 18 – both trailing national norms – which translates to a modest share of students meeting college‑ready benchmarks. Parental rights policies are limited, with few curriculum transparency mandates, weak open‑enrollment provisions, and minimal budget transparency, earning a D."
Alaska,F,F,D,D,"Alaska struggles significantly across core academics. Math performance is critically low, with 8th‑grade NAEP scores at 264, and reading is even more concerning at 202 – the second‑lowest in the nation – resulting in F grades for both. College readiness remains below average, with SAT scores averaging 1097 and ACT at 19.9, indicating that fewer than half of students meet the 1010/21 thresholds. Parental rights policies receive a D, as the state lacks comprehensive curriculum transparency, offers limited open‑enrollment options, and provides inconsistent budget disclosure, leaving families with few levers for engagement."
Arizona,D,F,D,C,"Arizona’s math performance is subpar, with NAEP scores at 270 (just under the national mean), while reading falls to 208 – one of the lowest in the country – driving the F in English. College readiness is similarly weak, with average SAT of 1194 (slightly above national average but offset by a low ACT of 17.7), resulting in a D grade for readiness. Parental rights are moderately better at C, supported by some open‑enrollment policies and partial budget transparency, though curriculum transparency mandates remain incomplete."
Arkansas,F,F,D,A,"Arkansas faces serious academic challenges, with 8th‑grade math at 266 and 4th‑grade reading at 210 – both well below national averages – earning Fs in both subjects. College readiness is below average, with SAT of 1165 and ACT of 18.5, placing it in the D range. However, the state excels in Parental Rights with an A, driven by robust curriculum transparency mandates, broad open‑enrollment policies, and comprehensive district‑level budget transparency that give parents strong oversight and choice."
California,D,D,A,F,"California posts below‑average scores in math (269) and reading (212), earning Ds in both, despite its large, diverse student population. College readiness is a bright spot – an A – thanks to high SAT (1096) and notably high ACT (26.5) averages, indicating that a strong proportion of students reach the 1010/21 benchmarks. Parental rights, however, are critically lacking (F), with minimal curriculum transparency, restrictive open‑enrollment options, and poor budget transparency, leaving parents with little formal influence."
Colorado,B,A,C,D,"Colorado performs well academically, with math NAEP at 278 (above average) and reading at 221 (well above average), earning a B and an A, respectively. College readiness is middling (C), as SAT scores average 987 (relatively low) but ACT averages 24.7 (high), balancing out to a moderate readiness grade. Parental rights are limited at D, with only sporadic curriculum transparency, uneven open‑enrollment access, and weak budget‑disclosure rules."
Connecticut,B,A,B,F,"Connecticut demonstrates strong academics, with math at 277 (B) and reading at 219 (A), both comfortably above national norms. College readiness is above average (B), driven by a high ACT of 26.5, though SAT averages 989 – a mixed picture that still yields solid readiness. Parental rights are severely lacking (F), as the state offers little curriculum transparency, no meaningful open‑enrollment policies, and poor fiscal transparency, despite its strong test scores."
Delaware,F,F,D,D,"Delaware faces substantial hurdles, with math at 263 and reading at 210 – both well below average – resulting in Fs in both core subjects. College readiness is subpar (D), with SAT averaging 933 (very low) and ACT at 25 (high), but the low SAT drags the overall composite down. Parental rights are also weak (D), with few transparency mandates, limited choice policies, and inadequate budget reporting."
Florida,F,B,F,A,"Florida shows a stark contrast: math is very weak at 267 (F), but reading is strong at 218 (B), well above the national average. College readiness is critically low (F), with SAT at 948 and ACT at 19 – both well below the benchmarks. On the other hand, Parental Rights earn an A, underpinned by strong curriculum transparency laws, expansive open‑enrollment options, and detailed district budget transparency, giving parents exceptional oversight."
Georgia,D,D,F,B,"Georgia’s math (269) and reading (214) both sit near the national average but slightly below, resulting in Ds for both. College readiness is a weak point (F), with SAT at 1039 and ACT at 21.2 – the SAT is notably low, pulling the combined metric down. Parental rights are solid (B), with good curriculum transparency, functional open‑enrollment policies, and above‑average budget transparency."
Hawaii,D,C,F,F,"Hawaii posts below‑average math at 270 (D) and average reading at 216 (C). College readiness is very poor (F), with SAT of 1124 (slightly above average) but a very low ACT of 17.7, which severely limits the number of students meeting the ACT benchmark. Parental rights are critically deficient (F), with almost no curriculum transparency, no open‑enrollment options, and no budget transparency."
Idaho,B,B,F,B,"Idaho performs well in core academics, with math at 278 (B) and reading at 216 (B), both above national averages. College readiness, however, is very weak (F), because SAT averages only 941 while ACT is 23.3 – the low SAT drags the combined score into the failing range. Parental rights are strong (B), supported by clear curriculum mandates, open‑enrollment policies, and reasonable budget transparency."
Illinois,B,C,D,F,"Illinois shows good math performance (277, B) but only average reading (214, C). College readiness is below average (D), with SAT at 971 (low) and ACT at 24.5 (high) – the SAT pulls the grade down. Parental rights are lacking (F), with poor curriculum transparency, restrictive choice policies, and weak budget disclosure."
Indiana,B,A,D,B,"Indiana earns a B in math (278) and an A in reading (220), reflecting strong academic achievement. College readiness is below average (D), because SAT averages 973 (low) while ACT is 23.3 – the SAT underperformance hurts the overall readiness score. Parental rights are solid (B), with good transparency mandates, open‑enrollment access, and district budget reporting."
Iowa,C,C,A,A,"Iowa’s math (275) and reading (215) are right around the national averages, earning C grades. College readiness is exceptional (A), driven by a very high SAT of 1235 and a respectable ACT of 21, ensuring a large share of students meet the benchmarks. Parental rights are also top‑tier (A), with comprehensive curriculum transparency, broad open‑enrollment policies, and excellent budget transparency."
Kansas,C,D,B,C,"Kansas has average math at 274 (C) but below‑average reading at 213 (D). College readiness is above average (B), thanks to a high SAT of 1228, though ACT is lower at 19.3 – the SAT strength lifts the composite. Parental rights are moderate (C), with some transparency and choice policies but lacking full implementation across all pillars."
Kentucky,C,A,C,D,"Kentucky posts average math at 271 (C) and excellent reading at 218 (A), well above the national mean. College readiness is average (C), with SAT of 1219 (high) but ACT of 18.6 (low) – the two balance out. Parental rights are limited (D), with weak curriculum transparency, modest open‑enrollment options, and poor budget transparency."
Louisiana,F,B,C,A,"Louisiana shows a wide gap: math is very low at 267 (F), while reading is strong at 216 (B). College readiness is average (C), with SAT of 1184 and ACT of 18.2 – the SAT is decent, but the ACT is low. Parental rights are outstanding (A), with strong curriculum transparency, robust open‑enrollment policies, and comprehensive budget transparency."
Maine,C,F,A,C,"Maine’s math at 273 is average (C), but reading at 210 is critically low (F). College readiness is excellent (A), driven by a very high ACT of 25, though SAT is modest at 1083 – the ACT boosts the combined score significantly. Parental rights are moderate (C), with some transparency mandates but incomplete choice and budget policies."
Maryland,D,B,C,F,"Maryland’s math at 268 is below average (D), but reading at 216 is above average (B). College readiness is average (C), with SAT of 1018 and ACT of 24.7 – the ACT is strong, but the SAT is borderline. Parental rights are critically weak (F), with limited curriculum transparency, restrictive open enrollment, and poor budget transparency."
Massachusetts,A,A,A,F,"Massachusetts is a national leader in academics, with math at 283 and reading at 225 – both the highest or near‑highest in the country – earning As across the board, including an A in college readiness (SAT 1113, ACT 26.1). However, Parental Rights are an F, because despite outstanding outcomes, the state lacks curriculum transparency mandates, has limited open‑enrollment options, and provides poor budget transparency."
Michigan,D,F,D,C,"Michigan’s math at 270 (D) and reading at 209 (F) are both below national averages. College readiness is below average (D), with SAT of 943 (very low) and ACT of 24.5 (high) – the SAT drags the score down. Parental rights are moderate (C), with some transparency and choice policies but not fully developed."
Minnesota,A,C,A,D,"Minnesota excels in math at 282 (A) and in college readiness (SAT 1230, ACT 20.7) – an A. Reading at 214 is only average (C). Parental rights are limited (D), with weak curriculum transparency, modest open‑enrollment options, and inadequate budget transparency, despite strong academic results."
Mississippi,D,A,C,C,"Mississippi’s math at 269 is below average (D), but reading at 219 is exceptionally strong (A). College readiness is average (C), with SAT of 1198 (high) but ACT of 17.7 (very low) – the two offset each other. Parental rights are moderate (C), with some transparency but incomplete choice and budget policies."
Missouri,C,D,B,B,"Missouri has average math at 270 (C) but below‑average reading at 212 (D). College readiness is above average (B), with SAT of 1201 and ACT of 19.8 – the SAT is strong, and the ACT is decent. Parental rights are solid (B), with good curriculum transparency, open‑enrollment access, and budget transparency."
Montana,B,B,C,B,"Montana performs well in math (279, B) and reading (217, B), both above national averages. College readiness is average (C), with SAT of 1182 and ACT of 19.5 – modest scores that yield a middling composite. Parental rights are strong (B), with clear transparency mandates, open‑enrollment policies, and solid budget reporting."
Nebraska,A,D,B,C,"Nebraska posts an excellent math score of 280 (A) but below‑average reading at 212 (D). College readiness is above average (B), driven by a very high SAT of 1249, though ACT is lower at 19.1. Parental rights are moderate (C), with some transparency but incomplete choice and budget policies."
Nevada,F,D,F,D,"Nevada faces significant challenges: math at 265 (F), reading at 213 (D), and college readiness (SAT 1156, ACT 17.2) is also failing – the ACT is among the lowest in the nation. Parental rights are weak (D), with limited curriculum transparency, few open‑enrollment options, and poor budget transparency."
New Hampshire,A,A,B,C,"New Hampshire excels in math (280, A) and reading (221, A), both well above average. College readiness is above average (B), with SAT of 1032 (moderate) and ACT of 25.9 (very high) – the ACT lifts the grade. Parental rights are moderate (C), with some transparency but not fully robust across all pillars."
New Jersey,A,A,B,F,"New Jersey achieves top grades in math (282, A) and reading (222, A), and above‑average college readiness (SAT 1079, ACT 24.1 – B). However, Parental Rights are critically weak (F), with minimal curriculum transparency, restrictive open‑enrollment policies, and poor budget transparency, despite strong academic outcomes."
New Mexico,F,F,F,D,"New Mexico is among the lowest‑performing states, with math at 256 (the lowest in the nation), reading at 201 (the lowest), and college readiness (SAT 875, ACT 20) also failing. Parental rights are weak (D), with few transparency mandates, limited choice, and inadequate budget reporting."
New York State,C,C,B,F,"New York’s math (271, C) and reading (215, C) are right at national averages. College readiness is above average (B), driven by a high ACT of 25.4, though SAT is modest at 1052. Parental rights are an F, with very limited curriculum transparency, restrictive open enrollment, and poor budget transparency."
North Carolina,C,D,F,D,"North Carolina posts average math at 276 (C) but below‑average reading at 213 (D). College readiness is failing (F), with SAT of 1121 (moderate) but a very low ACT of 18.5 – the ACT pulls the composite down. Parental rights are weak (D), with limited transparency and choice policies."
North Dakota,A,B,A,B,"North Dakota performs exceptionally well, with math at 280 (A), reading at 216 (B), and college readiness (SAT 1254 – the highest in the nation, ACT 19.6) earning an A. Parental rights are solid (B), with good curriculum transparency, open‑enrollment access, and budget transparency."
Ohio,A,B,D,B,"Ohio earns an A in math (279) and a B in reading (216), reflecting strong core academics. College readiness is below average (D), with SAT of 1139 and ACT of 19 – both moderate but not enough to lift the composite. Parental rights are strong (B), with clear transparency mandates, open‑enrollment policies, and good budget disclosure."
Oklahoma,F,F,D,A,"Oklahoma struggles in math (264, F) and reading (207, F), both well below national averages. College readiness is below average (D), with SAT of 1161 and ACT of 17.6 (very low). However, Parental Rights are excellent (A), with comprehensive curriculum transparency, robust open‑enrollment options, and strong budget transparency."
Oregon,D,F,C,F,"Oregon’s math at 268 (D) and reading at 207 (F) are both below average. College readiness is average (C), with SAT of 1143 and ACT of 21.1 – the ACT is decent, pulling the grade up. Parental rights are critically weak (F), with limited transparency, restrictive choice, and poor budget reporting."
Pennsylvania,B,B,A,C,"Pennsylvania shows strong academics, with math at 276 (B) and reading at 216 (B). College readiness is excellent (A), with SAT of 1088 and ACT of 24.3 – the ACT is notably high. Parental rights are moderate (C), with some transparency and choice policies but not fully comprehensive."
Rhode Island,C,B,C,D,"Rhode Island posts average math at 270 (C) and strong reading at 216 (B). College readiness is average (C), with SAT of 979 (low) and ACT of 25.4 (high) – the ACT lifts the composite to average. Parental rights are weak (D), with limited transparency and choice."
South Carolina,D,C,F,B,"South Carolina’s math at 268 (D) is below average, while reading at 215 (C) is average. College readiness is failing (F), with SAT of 1024 and ACT of 18.7 – both below the benchmarks. Parental rights are strong (B), with good curriculum transparency, open‑enrollment access, and budget transparency."
South Dakota,A,C,A,D,"South Dakota excels in math (281, A) and college readiness (SAT 1222, ACT 21.1 – A), but reading at 214 is only average (C). Parental rights are limited (D), with weak transparency, modest open‑enrollment options, and inadequate budget disclosure."
Tennessee,B,C,C,A,"Tennessee performs well in math (276, B) but only average in reading (215, C). College readiness is average (C), with SAT of 1195 (good) and ACT of 18.8 (low) – balancing out. Parental rights are top‑tier (A), with strong curriculum transparency, broad open enrollment, and comprehensive budget transparency."
Texas,D,D,F,B,"Texas has below‑average scores in math (269, D) and reading (212, D). College readiness is failing (F), with SAT of 992 and ACT of 19.4 – both below the 1010/21 thresholds. Parental rights are solid (B), with good transparency mandates, open‑enrollment policies, and budget reporting."
Utah,A,A,B,C,"Utah achieves top marks in math (282, A) and reading (219, A), and above‑average college readiness (SAT 1221, ACT 20 – B). Parental rights are moderate (C), with some transparency and choice but not fully robust across all pillars."
Vermont,B,D,B,C,"Vermont shows strong math at 276 (B) but below‑average reading at 213 (D). College readiness is above average (B), with SAT of 1104 and ACT of 23.6 – both solid. Parental rights are moderate (C), with some transparency but incomplete choice and budget policies."
Virginia,C,C,A,F,"Virginia’s math (275, C) and reading (214, C) are around the national average. College readiness is excellent (A), driven by SAT of 1116 and ACT of 24.8 – the ACT is particularly strong. Parental rights are critically weak (F), with limited transparency, restrictive open enrollment, and poor budget reporting."
Washington State,C,B,A,F,"Washington posts average math at 274 (C), strong reading at 216 (B), and exceptional college readiness (SAT 1081, ACT 24.5 – A). Parental rights are an F, with almost no curriculum transparency, limited open‑enrollment options, and very poor budget transparency."
West Virginia,F,F,F,D,"West Virginia faces critical challenges across the board: math at 261 (F), reading at 206 (F), and college readiness (SAT 911, ACT 20.4 – F) are all among the lowest in the country. Parental rights are weak (D), with few transparency mandates, limited choice, and inadequate budget disclosure."
Wisconsin,A,C,B,C,"Wisconsin excels in math (283, A), but reading at 215 is only average (C). College readiness is above average (B), with SAT of 1240 (very high) and ACT of 19.4 (moderate) – the SAT lifts the composite. Parental rights are moderate (C), with some transparency and choice but not fully developed."
Wyoming,B,A,C,F,"Wyoming shows strong academics with math at 278 (B) and reading at 222 (A). College readiness is average (C), with SAT of 1215 (good) and ACT of 19.1 (low) – the ACT pulls the grade down. Parental rights are critically weak (F), with minimal curriculum transparency, restrictive open enrollment, and poor budget transparency."